URL,Last crawled
https://visajobs.xyz/blog/posts/accredited-employer-work-visa-new-zealand/,1970-01-01
https://visajobs.xyz/blog/posts/amsterdam-relocation-guide-tech-workers/,1970-01-01
https://visajobs.xyz/blog/posts/chef-jobs-australia-visa-sponsorship/,1970-01-01
https://visajobs.xyz/blog/posts/construction-jobs-australia-visa-sponsorship/,1970-01-01
https://visajobs.xyz/blog/posts/eu-blue-card-vs-h1b-visa/,1970-01-01
https://visajobs.xyz/blog/posts/farm-jobs-australia-visa-sponsorship/,1970-01-01
https://visajobs.xyz/blog/posts/health-care-visa-jobs-uk/,1970-01-01
https://visajobs.xyz/blog/posts/highly-skilled-migrant-visa-netherlands-jobs/,1970-01-01
https://visajobs.xyz/blog/posts/ireland-critical-skills-software-engineer/,1970-01-01
https://visajobs.xyz/blog/posts/jobs-canada-visa-sponsorship/,1970-01-01
https://visajobs.xyz/blog/posts/jobs-ireland-visa-sponsorship/,1970-01-01
https://visajobs.xyz/blog/posts/nursing-jobs-australia-visa-sponsorship/,1970-01-01
https://visajobs.xyz/blog/posts/relocate-to-spain-software-engineer/,1970-01-01
https://visajobs.xyz/blog/posts/relocation-package-negotiation-guide/,1970-01-01
https://visajobs.xyz/blog/posts/remote-jobs-europe-visa-sponsorship/,1970-01-01
https://visajobs.xyz/blog/posts/skilled-worker-visa-jobs-uk/,1970-01-01
https://visajobs.xyz/blog/posts/software-engineer-jobs-france-visa-sponsorship/,1970-01-01
https://visajobs.xyz/blog/posts/software-engineer-jobs-netherlands-visa-sponsorship/,1970-01-01
https://visajobs.xyz/blog/posts/teaching-jobs-australia-overseas-teachers/,1970-01-01
https://visajobs.xyz/blog/posts/tech-jobs-scandinavia-visa-sponsorship/,1970-01-01
https://visajobs.xyz/blog/posts/truck-driving-farm-jobs-canada-visa-sponsorship/,1970-01-01
https://visajobs.xyz/blog/posts/visa-sponsorship-jobs-australia/,1970-01-01
https://visajobs.xyz/jobs-by-country/,1970-01-01
https://visajobs.xyz/jobs-by-role/,1970-01-01
https://visajobs.xyz/jobs-in-ireland/,1970-01-01
https://visajobs.xyz/jobs-in-netherlands/,1970-01-01
https://visajobs.xyz/pro/,1970-01-01
https://visajobs.xyz/resources/country-guides/australia/,1970-01-01
https://visajobs.xyz/resources/country-guides/canada/,1970-01-01
https://visajobs.xyz/resources/country-guides/germany/,1970-01-01
https://visajobs.xyz/resources/country-guides/ireland/,1970-01-01
https://visajobs.xyz/resources/country-guides/netherlands/,1970-01-01
https://visajobs.xyz/resources/country-guides/sweden/,1970-01-01
https://visajobs.xyz/resources/country-guides/switzerland/,1970-01-01
https://visajobs.xyz/resources/country-guides/uk/,1970-01-01
https://visajobs.xyz/tools/,1970-01-01
https://visajobs.xyz/tools/blue-card-checker/,1970-01-01
https://visajobs.xyz/tools/cost-of-living/,1970-01-01
https://visajobs.xyz/tools/cost-of-living/berlin/,1970-01-01
https://visajobs.xyz/tools/events/,1970-01-01
https://visajobs.xyz/tools/language-guide/,1970-01-01
https://visajobs.xyz/tools/relocation-calculator/,1970-01-01
https://visajobs.xyz/tools/relocation-checklist/,1970-01-01
https://visajobs.xyz/tools/resume-adapter/,1970-01-01
https://visajobs.xyz/tools/salary-calculator/,1970-01-01
https://visajobs.xyz/tools/salary-calculator/germany/,1970-01-01
https://visajobs.xyz/tools/tax-calculator/,1970-01-01
https://visajobs.xyz/tools/visa-checker/,1970-01-01
https://visajobs.xyz/tools/visa-checker/zalando/,1970-01-01
https://visajobs.xyz/tools/visa-comparison/,1970-01-01
https://visajobs.xyz/tools/visa-tracker/,1970-01-01
https://visajobs.xyz/visa-sponsored-jobs/intelligent-health-care-australia-full-time-podiatrist-sponsorship-available-por-jkwu/,1970-01-01